ticker,gran,primeira,ultima,barras,esperadas,lacunas,maior_buraco,atraso_pregoes
ABEV3,diario,2016-10-03,2026-10-02,2492,2492,0,0,0
B3SA3,diario,2016-10-03,2026-10-02,2492,2492,0,0,0
BBAS3,diario,2016-10-03,2026-10-02,2492,2492,0,0,0
BBDC4,diario,2016-10-03,2026-10-02,2492,2492,0,0,0
ITUB4,diario,2016-10-03,2026-10-02,2492,2492,0,0,0
MGLU3,diario,2016-10-03,2026-10-02,2492,2492,0,0,0
PETR4,diario,2016-10-03,2026-10-02,2492,2492,0,0,0
SUZB3,diario,2016-10-03,2026-10-02,2492,2492,0,0,0
VALE3,diario,2016-10-03,2026-10-02,2492,2492,0,0,0
WEGE3,diario,2016-10-03,2026-10-02,2492,2492,0,0,0
ABEV3,1m,2026-09-28,2026-10-02,2025,,,,
B3SA3,1m,2026-09-28,2026-10-02,2022,,,,
BBAS3,1m,2026-09-28,2026-10-02,2028,,,,
BBDC4,1m,2026-09-28,2026-10-02,2016,,,,
BRENT,1m,2026-09-28,2026-10-02,5669,,,,
DXY,1m,2026-09-28,2026-10-02,6294,,,,
ITUB4,1m,2026-09-28,2026-10-02,2016,,,,
MGLU3,1m,2026-09-28,2026-10-02,2010,,,,
PETR4,1m,2026-09-28,2026-10-02,2016,,,,
SUZB3,1m,2026-09-28,2026-10-02,2024,,,,
USDBRL,1m,2026-09-27,2026-10-02,2841,,,,
VALE3,1m,2026-09-28,2026-10-02,2035,,,,
WEGE3,1m,2026-09-28,2026-10-02,2026,,,,
ABEV3,5m,2026-09-02,2026-10-02,1737,,,,
B3SA3,5m,2026-09-02,2026-10-02,1728,,,,
BBAS3,5m,2026-09-02,2026-10-02,1737,,,,
BBDC4,5m,2026-09-02,2026-10-02,1736,,,,
BRENT,5m,2026-09-02,2026-10-02,5551,,,,
ITUB4,5m,2026-09-02,2026-10-02,1731,,,,
MGLU3,5m,2026-09-02,2026-10-02,1725,,,,
PETR4,5m,2026-09-02,2026-10-02,1736,,,,
SUZB3,5m,2026-09-02,2026-10-02,1735,,,,
USDBRL,5m,2026-09-02,2026-10-02,2811,,,,
VALE3,5m,2026-09-02,2026-10-02,1738,,,,
WEGE3,5m,2026-09-02,2026-10-02,1733,,,,
ABEV3,15m,2026-09-03,2026-10-02,589,,,,
B3SA3,15m,2026-09-03,2026-10-02,589,,,,
BBAS3,15m,2026-09-03,2026-10-02,589,,,,
BBDC4,15m,2026-09-03,2026-10-02,589,,,,
BRENT,15m,2026-09-04,2026-10-02,1781,,,,
DXY,15m,2026-09-04,2026-10-02,1775,,,,
ITUB4,15m,2026-09-03,2026-10-02,589,,,,
MGLU3,15m,2026-09-03,2026-10-02,589,,,,
PETR4,15m,2026-09-03,2026-10-02,589,,,,
SUZB3,15m,2026-09-03,2026-10-02,589,,,,
USDBRL,15m,2026-09-03,2026-10-02,1142,,,,
VALE3,15m,2026-09-03,2026-10-02,589,,,,
WEGE3,15m,2026-09-03,2026-10-02,589,,,,
ABEV3,1h,2024-10-02,2026-10-02,3472,,,,
B3SA3,1h,2024-10-02,2026-10-02,3472,,,,
BBAS3,1h,2024-10-02,2026-10-02,3472,,,,
BBDC4,1h,2024-10-02,2026-10-02,3472,,,,
BRENT,1h,2024-10-02,2026-10-02,11410,,,,
ITUB4,1h,2024-10-02,2026-10-02,3472,,,,
MGLU3,1h,2024-10-02,2026-10-02,3472,,,,
PETR4,1h,2024-10-02,2026-10-02,3472,,,,
SUZB3,1h,2024-10-02,2026-10-02,3472,,,,
USDBRL,1h,2024-10-02,2026-10-02,8618,,,,
VALE3,1h,2024-10-02,2026-10-02,3471,,,,
WEGE3,1h,2024-10-02,2026-10-02,3472,,,,
